TeamID,SeedNum,Region,R64,R32,S16,E8,F4,Championship,AvgRound,TeamName
1181,1,W,0.9321,0.7951,0.5888,0.4397,0.2926,0.2096,4.2579,Duke
1196,1,X,0.9408,0.7575,0.5667,0.3267,0.1744,0.1152,3.8813,Florida
1222,2,X,0.9365,0.7437,0.4977,0.2999,0.1758,0.1144,3.768,Houston
1112,1,Z,0.939,0.7332,0.5702,0.3979,0.237,0.1117,3.989,Arizona
1276,1,Y,0.9233,0.7473,0.5235,0.3376,0.2082,0.0951,3.835,Michigan
1235,2,Y,0.8407,0.5762,0.3819,0.2005,0.1147,0.0473,3.1613,Iowa St
1228,3,X,0.87,0.6898,0.3236,0.1817,0.0881,0.0468,3.2,Illinois
1345,2,Z,0.8954,0.7073,0.41,0.2063,0.1045,0.0412,3.3647,Purdue
1277,3,W,0.9023,0.6112,0.367,0.1571,0.0651,0.0347,3.1374,Michigan St
1163,2,W,0.893,0.625,0.3457,0.1343,0.0626,0.0312,3.0918,Connecticut
1211,3,Z,0.8822,0.6507,0.3525,0.1669,0.0778,0.0285,3.1586,Gonzaga
1397,6,Y,0.7151,0.4207,0.2412,0.1097,0.0517,0.0197,2.5581,Tennessee
1385,5,W,0.8454,0.4746,0.1989,0.1026,0.0353,0.0159,2.6727,St. John's
1438,3,Y,0.8708,0.449,0.1858,0.0882,0.0348,0.0097,2.6383,Virginia
1403,5,Y,0.7828,0.4163,0.1708,0.0806,0.0299,0.0079,2.4883,Texas Tech
1104,4,Y,0.8439,0.4981,0.2,0.0913,0.0339,0.0074,2.6746,Alabama
1116,4,Z,0.8634,0.5076,0.1626,0.0659,0.0263,0.0071,2.6329,Arkansas
1435,5,X,0.7509,0.4308,0.1496,0.0533,0.0185,0.0067,2.4098,Vanderbilt
1242,4,W,0.8589,0.463,0.1337,0.055,0.0194,0.0062,2.5362,Kansas
1458,5,Z,0.7876,0.4131,0.1338,0.0538,0.0208,0.0058,2.4149,Wisconsin
1257,6,W,0.7475,0.2956,0.1392,0.0438,0.0141,0.0054,2.2456,Louisville
1140,6,Z,0.6896,0.2495,0.138,0.0467,0.0166,0.0049,2.1453,BYU
1304,4,X,0.7843,0.4307,0.1533,0.047,0.0151,0.0048,2.4352,Nebraska
1388,7,X,0.7765,0.2058,0.0926,0.0362,0.0119,0.0047,2.1277,Saint Mary's
1246,7,Y,0.6435,0.2515,0.0933,0.036,0.0129,0.0036,2.0408,Kentucky
1417,7,W,0.709,0.2741,0.0974,0.0307,0.0076,0.0028,2.1216,UCLA
1429,9,Z,0.4944,0.1304,0.0607,0.019,0.0058,0.0016,1.7119,Utah St
1234,9,X,0.5574,0.1314,0.0635,0.0171,0.0049,0.0014,1.7757,Iowa
1208,8,Y,0.5931,0.1671,0.0614,0.0218,0.0063,0.0014,1.8511,Georgia
1437,8,Z,0.5056,0.129,0.0598,0.0177,0.0052,0.0013,1.7186,Villanova
1326,8,W,0.6761,0.1333,0.0525,0.0208,0.0038,0.0012,1.8877,Ohio St
1365,10,Y,0.3565,0.1514,0.0608,0.0157,0.0051,0.001,1.5905,Santa Clara
1155,8,X,0.4426,0.1038,0.0471,0.0133,0.0033,0.0007,1.6108,Clemson
1274,7,Z,0.6591,0.1836,0.0471,0.0119,0.0025,0.0005,1.9047,Miami FL
1314,6,X,0.6019,0.183,0.0477,0.0134,0.003,0.0005,1.8495,North Carolina
1270,12,X,0.2491,0.0912,0.0133,0.0024,0.0007,0.0004,1.3571,McNeese
1433,11,X,0.3981,0.1054,0.0215,0.0047,0.0014,0.0003,1.5314,VCU
1395,9,W,0.3239,0.063,0.0167,0.0054,0.0008,0.0003,1.4101,TCU
1374,11,Y,0.2849,0.1145,0.0321,0.0084,0.0015,0.0003,1.4417,SMU
1378,11,W,0.2525,0.0779,0.0244,0.0053,0.0005,0.0002,1.3608,South Florida
1387,9,Y,0.4069,0.0741,0.0248,0.0066,0.0014,0.0002,1.514,St Louis
1416,10,W,0.291,0.0844,0.0217,0.0037,0.0004,0.0001,1.4013,UCF
1281,10,Z,0.3409,0.09,0.0215,0.0051,0.001,0.0001,1.4586,Missouri
1401,10,X,0.2235,0.0425,0.0136,0.0029,0.0007,0.0001,1.2833,Texas A&M
1400,11,Z,0.3104,0.0834,0.0262,0.006,0.0013,0.0001,1.4274,Texas
1465,13,W,0.1411,0.0197,0.0025,0.0004,0.0,0.0,1.1637,Cal Baptist
1301,11,Z,0.0,0.0,0.0,0.0,0.0,0.0,1.0,NC State
1219,12,Z,0.2124,0.0602,0.0097,0.0022,0.0002,0.0,1.2847,High Point
1218,13,Z,0.1366,0.0191,0.0025,0.0003,0.0,0.0,1.1585,Hawaii
1244,14,Z,0.1178,0.0164,0.0031,0.0003,0.0,0.0,1.1376,Kennesaw
1474,15,Z,0.1046,0.0191,0.0016,0.0,0.0,0.0,1.1253,Queens NC
1320,12,W,0.1546,0.0427,0.0059,0.0009,0.0,0.0,1.2041,Northern Iowa
1460,14,Y,0.1292,0.0158,0.0024,0.0003,0.0,0.0,1.1477,Wright St
1295,14,W,0.0977,0.0153,0.0023,0.0001,0.0,0.0,1.1154,N Dakota St
1420,16,Y,0.0767,0.0115,0.0007,0.0,0.0,0.0,1.0889,UMBC
1224,16,Y,0.0,0.0,0.0,0.0,0.0,0.0,1.0,Howard
1398,15,Y,0.1593,0.0209,0.0025,0.0003,0.0003,0.0,1.1833,Tennessee St
1220,13,Y,0.1561,0.0268,0.0056,0.0011,0.0001,0.0,1.1897,Hofstra
1103,12,Y,0.2172,0.0588,0.0132,0.0019,0.0002,0.0,1.2913,Akron
1275,11,Y,0.0,0.0,0.0,0.0,0.0,0.0,1.0,Miami OH
1202,15,W,0.107,0.0165,0.0023,0.0002,0.0,0.0,1.126,Furman
1373,16,W,0.0679,0.0086,0.001,0.0,0.0,0.0,1.0775,Siena
1341,16,X,0.0592,0.0073,0.0005,0.0001,0.0,0.0,1.0671,Prairie View
1250,16,X,0.0,0.0,0.0,0.0,0.0,0.0,1.0,Lehigh
1225,15,X,0.0635,0.008,0.001,0.0002,0.0,0.0,1.0727,Idaho
1335,14,X,0.13,0.0218,0.0023,0.0003,0.0,0.0,1.1544,Penn
1407,13,X,0.2157,0.0473,0.006,0.0008,0.0,0.0,1.2698,Troy
1254,16,Z,0.061,0.0074,0.0007,0.0,0.0,0.0,1.0691,LIU Brooklyn
